Workbook

Sheet Comparison
A1: # | B1: city | C1: state | D1: metro_area | E1: ala_shortterm_pm25_rank_2026 | F1: ala_yearlong_pm25_rank_2026 | G1: pollution_score (avg of ALA ranks) | H1: pollution_group | I1: state_query | J1: state_collection_id_cs | K1: state_collection_name | L1: state_total_sources | M1: state_total_stories | N1: state_index (stories/sources) | O1: state_coverage_rank | P1: state_coverage_group | Q1: city_query | R1: city_collection_id_cs | S1: city_collection_name | T1: city_total_sources | U1: city_total_stories | V1: city_index (stories/sources) | W1: city_coverage_rank | X1: city_coverage_group | Y1: rank_change (state rank − city rank) | Z1: quadrant_state_level | AA1: quadrant_city_level | AB1: quadrant_changed? | AC1: city_ambiguity_note | AD1: state_API_request_URL | AE1: city_API_request_URL
A2: 1 | B2: Bakersfield | C2: CA | D2: Bakersfield-Delano, CA | E2: 3 | F2: 1 | G2: =AVERAGE(E2:F2) | H2: =IF(G2<=Method!$B$4,"High pollution","Low pollution") | I2: "air pollution" OR "air quality" | J2: 38380550 | K2: California, United States -State & Local | L2: 1283 | M2: 26181 | N2: =M2/L2 | O2: =RANK(N2,$N$2:$N$37,0) | P2: =IF(N2>=Method!$B$5,"High coverage","Low coverage") | Q2: ("air pollution" OR "air quality") AND "Bakersfield" | R2: 38380550 | S2: California, United States -State & Local | T2: 1283 | U2: 305 | V2: =U2/T2 | W2: =RANK(V2,$V$2:$V$37,0) | X2: =IF(V2>=Method!$B$6,"High coverage","Low coverage") | Y2: =O2-W2 | Z2: =H2&" / "&P2 | AA2: =H2&" / "&X2 | AB2: =IF(Z2=AA2,"No","Yes") | AD2: https://search.mediacloud.org/api/search/total-count?q="air pollution" OR "air quality"&start=2024-09-25&end=2026-09-25&cs=38380550&platform=onlinenews-mediacloud | AE2: https://search.mediacloud.org/api/search/total-count?q=%28%22air+pollution%22+OR+%22air+quality%22%29+AND+%22Bakersfield%22&start=2024-09-25&end=2026-09-25&cs=38380550&platform=onlinenews-mediacloud
A3: 2 | B3: Delano | C3: CA | D3: Bakersfield-Delano, CA | E3: 3 | F3: 1 | G3: =AVERAGE(E3:F3) | H3: =IF(G3<=Method!$B$4,"High pollution","Low pollution") | I3: "air pollution" OR "air quality" | J3: 38380550 | K3: California, United States -State & Local | L3: 1283 | M3: 26181 | N3: =M3/L3 | O3: =RANK(N3,$N$2:$N$37,0) | P3: =IF(N3>=Method!$B$5,"High coverage","Low coverage") | Q3: ("air pollution" OR "air quality") AND "Delano" | R3: 38380550 | S3: California, United States -State & Local | T3: 1283 | U3: 43 | V3: =U3/T3 | W3: =RANK(V3,$V$2:$V$37,0) | X3: =IF(V3>=Method!$B$6,"High coverage","Low coverage") | Y3: =O3-W3 | Z3: =H3&" / "&P3 | AA3: =H3&" / "&X3 | AB3: =IF(Z3=AA3,"No","Yes") | AC3: Also a surname | AD3: https://search.mediacloud.org/api/search/total-count?q="air pollution" OR "air quality"&start=2024-09-25&end=2026-09-25&cs=38380550&platform=onlinenews-mediacloud | AE3: https://search.mediacloud.org/api/search/total-count?q=%28%22air+pollution%22+OR+%22air+quality%22%29+AND+%22Delano%22&start=2024-09-25&end=2026-09-25&cs=38380550&platform=onlinenews-mediacloud
A4: 3 | B4: Eugene | C4: OR | D4: Eugene-Springfield, OR | E4: 2 | F4: 3 | G4: =AVERAGE(E4:F4) | H4: =IF(G4<=Method!$B$4,"High pollution","Low pollution") | I4: "air pollution" OR "air quality" | J4: 38381398 | K4: Oregon, United States - State & Local | L4: 145 | M4: 1845 | N4: =M4/L4 | O4: =RANK(N4,$N$2:$N$37,0) | P4: =IF(N4>=Method!$B$5,"High coverage","Low coverage") | Q4: ("air pollution" OR "air quality") AND "Eugene" | R4: 38381398 | S4: Oregon, United States - State & Local | T4: 145 | U4: 81 | V4: =U4/T4 | W4: =RANK(V4,$V$2:$V$37,0) | X4: =IF(V4>=Method!$B$6,"High coverage","Low coverage") | Y4: =O4-W4 | Z4: =H4&" / "&P4 | AA4: =H4&" / "&X4 | AB4: =IF(Z4=AA4,"No","Yes") | AD4: https://search.mediacloud.org/api/search/total-count?q="air pollution" OR "air quality"&start=2024-09-25&end=2026-09-25&cs=38381398&platform=onlinenews-mediacloud | AE4: https://search.mediacloud.org/api/search/total-count?q=%28%22air+pollution%22+OR+%22air+quality%22%29+AND+%22Eugene%22&start=2024-09-25&end=2026-09-25&cs=38381398&platform=onlinenews-mediacloud
A5: 4 | B5: Springfield | C5: OR | D5: Eugene-Springfield, OR | E5: 2 | F5: 3 | G5: =AVERAGE(E5:F5) | H5: =IF(G5<=Method!$B$4,"High pollution","Low pollution") | I5: "air pollution" OR "air quality" | J5: 38381398 | K5: Oregon, United States - State & Local | L5: 145 | M5: 1845 | N5: =M5/L5 | O5: =RANK(N5,$N$2:$N$37,0) | P5: =IF(N5>=Method!$B$5,"High coverage","Low coverage") | Q5: ("air pollution" OR "air quality") AND "Springfield" | R5: 38381398 | S5: Oregon, United States - State & Local | T5: 145 | U5: 45 | V5: =U5/T5 | W5: =RANK(V5,$V$2:$V$37,0) | X5: =IF(V5>=Method!$B$6,"High coverage","Low coverage") | Y5: =O5-W5 | Z5: =H5&" / "&P5 | AA5: =H5&" / "&X5 | AB5: =IF(Z5=AA5,"No","Yes") | AC5: Also a city in IL/MA/MO | AD5: https://search.mediacloud.org/api/search/total-count?q="air pollution" OR "air quality"&start=2024-09-25&end=2026-09-25&cs=38381398&platform=onlinenews-mediacloud | AE5: https://search.mediacloud.org/api/search/total-count?q=%28%22air+pollution%22+OR+%22air+quality%22%29+AND+%22Springfield%22&start=2024-09-25&end=2026-09-25&cs=38381398&platform=onlinenews-mediacloud
A6: 5 | B6: Brownsville | C6: TX | D6: Brownsville-Harlingen-Raymondville, TX | E6: 4 | F6: 2 | G6: =AVERAGE(E6:F6) | H6: =IF(G6<=Method!$B$4,"High pollution","Low pollution") | I6: "air pollution" OR "air quality" | J6: 38381323 | K6: Texas, United States - State & Local | L6: 593 | M6: 6474 | N6: =M6/L6 | O6: =RANK(N6,$N$2:$N$37,0) | P6: =IF(N6>=Method!$B$5,"High coverage","Low coverage") | Q6: ("air pollution" OR "air quality") AND "Brownsville" | R6: 38381323 | S6: Texas, United States - State & Local | T6: 593 | U6: 30 | V6: =U6/T6 | W6: =RANK(V6,$V$2:$V$37,0) | X6: =IF(V6>=Method!$B$6,"High coverage","Low coverage") | Y6: =O6-W6 | Z6: =H6&" / "&P6 | AA6: =H6&" / "&X6 | AB6: =IF(Z6=AA6,"No","Yes") | AD6: https://search.mediacloud.org/api/search/total-count?q="air pollution" OR "air quality"&start=2024-09-25&end=2026-09-25&cs=38381323&platform=onlinenews-mediacloud | AE6: https://search.mediacloud.org/api/search/total-count?q=%28%22air+pollution%22+OR+%22air+quality%22%29+AND+%22Brownsville%22&start=2024-09-25&end=2026-09-25&cs=38381323&platform=onlinenews-mediacloud
A7: 6 | B7: Harlingen | C7: TX | D7: Brownsville-Harlingen-Raymondville, TX | E7: 4 | F7: 2 | G7: =AVERAGE(E7:F7) | H7: =IF(G7<=Method!$B$4,"High pollution","Low pollution") | I7: "air pollution" OR "air quality" | J7: 38381323 | K7: Texas, United States - State & Local | L7: 593 | M7: 6474 | N7: =M7/L7 | O7: =RANK(N7,$N$2:$N$37,0) | P7: =IF(N7>=Method!$B$5,"High coverage","Low coverage") | Q7: ("air pollution" OR "air quality") AND "Harlingen" | R7: 38381323 | S7: Texas, United States - State & Local | T7: 593 | U7: 20 | V7: =U7/T7 | W7: =RANK(V7,$V$2:$V$37,0) | X7: =IF(V7>=Method!$B$6,"High coverage","Low coverage") | Y7: =O7-W7 | Z7: =H7&" / "&P7 | AA7: =H7&" / "&X7 | AB7: =IF(Z7=AA7,"No","Yes") | AD7: https://search.mediacloud.org/api/search/total-count?q="air pollution" OR "air quality"&start=2024-09-25&end=2026-09-25&cs=38381323&platform=onlinenews-mediacloud | AE7: https://search.mediacloud.org/api/search/total-count?q=%28%22air+pollution%22+OR+%22air+quality%22%29+AND+%22Harlingen%22&start=2024-09-25&end=2026-09-25&cs=38381323&platform=onlinenews-mediacloud
A8: 7 | B8: Raymondville | C8: TX | D8: Brownsville-Harlingen-Raymondville, TX | E8: 4 | F8: 2 | G8: =AVERAGE(E8:F8) | H8: =IF(G8<=Method!$B$4,"High pollution","Low pollution") | I8: "air pollution" OR "air quality" | J8: 38381323 | K8: Texas, United States - State & Local | L8: 593 | M8: 6474 | N8: =M8/L8 | O8: =RANK(N8,$N$2:$N$37,0) | P8: =IF(N8>=Method!$B$5,"High coverage","Low coverage") | Q8: ("air pollution" OR "air quality") AND "Raymondville" | R8: 38381323 | S8: Texas, United States - State & Local | T8: 593 | U8: 4 | V8: =U8/T8 | W8: =RANK(V8,$V$2:$V$37,0) | X8: =IF(V8>=Method!$B$6,"High coverage","Low coverage") | Y8: =O8-W8 | Z8: =H8&" / "&P8 | AA8: =H8&" / "&X8 | AB8: =IF(Z8=AA8,"No","Yes") | AD8: https://search.mediacloud.org/api/search/total-count?q="air pollution" OR "air quality"&start=2024-09-25&end=2026-09-25&cs=38381323&platform=onlinenews-mediacloud | AE8: https://search.mediacloud.org/api/search/total-count?q=%28%22air+pollution%22+OR+%22air+quality%22%29+AND+%22Raymondville%22&start=2024-09-25&end=2026-09-25&cs=38381323&platform=onlinenews-mediacloud
A9: 8 | B9: Fresno | C9: CA | D9: Fresno-Hanford-Corcoran, CA | E9: 6 | F9: 4 | G9: =AVERAGE(E9:F9) | H9: =IF(G9<=Method!$B$4,"High pollution","Low pollution") | I9: "air pollution" OR "air quality" | J9: 38380550 | K9: California, United States -State & Local | L9: 1283 | M9: 26181 | N9: =M9/L9 | O9: =RANK(N9,$N$2:$N$37,0) | P9: =IF(N9>=Method!$B$5,"High coverage","Low coverage") | Q9: ("air pollution" OR "air quality") AND "Fresno" | R9: 38380550 | S9: California, United States -State & Local | T9: 1283 | U9: 385 | V9: =U9/T9 | W9: =RANK(V9,$V$2:$V$37,0) | X9: =IF(V9>=Method!$B$6,"High coverage","Low coverage") | Y9: =O9-W9 | Z9: =H9&" / "&P9 | AA9: =H9&" / "&X9 | AB9: =IF(Z9=AA9,"No","Yes") | AD9: https://search.mediacloud.org/api/search/total-count?q="air pollution" OR "air quality"&start=2024-09-25&end=2026-09-25&cs=38380550&platform=onlinenews-mediacloud | AE9: https://search.mediacloud.org/api/search/total-count?q=%28%22air+pollution%22+OR+%22air+quality%22%29+AND+%22Fresno%22&start=2024-09-25&end=2026-09-25&cs=38380550&platform=onlinenews-mediacloud
A10: 9 | B10: Hanford | C10: CA | D10: Fresno-Hanford-Corcoran, CA | E10: 6 | F10: 4 | G10: =AVERAGE(E10:F10) | H10: =IF(G10<=Method!$B$4,"High pollution","Low pollution") | I10: "air pollution" OR "air quality" | J10: 38380550 | K10: California, United States -State & Local | L10: 1283 | M10: 26181 | N10: =M10/L10 | O10: =RANK(N10,$N$2:$N$37,0) | P10: =IF(N10>=Method!$B$5,"High coverage","Low coverage") | Q10: ("air pollution" OR "air quality") AND "Hanford" | R10: 38380550 | S10: California, United States -State & Local | T10: 1283 | U10: 67 | V10: =U10/T10 | W10: =RANK(V10,$V$2:$V$37,0) | X10: =IF(V10>=Method!$B$6,"High coverage","Low coverage") | Y10: =O10-W10 | Z10: =H10&" / "&P10 | AA10: =H10&" / "&X10 | AB10: =IF(Z10=AA10,"No","Yes") | AD10: https://search.mediacloud.org/api/search/total-count?q="air pollution" OR "air quality"&start=2024-09-25&end=2026-09-25&cs=38380550&platform=onlinenews-mediacloud | AE10: https://search.mediacloud.org/api/search/total-count?q=%28%22air+pollution%22+OR+%22air+quality%22%29+AND+%22Hanford%22&start=2024-09-25&end=2026-09-25&cs=38380550&platform=onlinenews-mediacloud
A11: 10 | B11: Corcoran | C11: CA | D11: Fresno-Hanford-Corcoran, CA | E11: 6 | F11: 4 | G11: =AVERAGE(E11:F11) | H11: =IF(G11<=Method!$B$4,"High pollution","Low pollution") | I11: "air pollution" OR "air quality" | J11: 38380550 | K11: California, United States -State & Local | L11: 1283 | M11: 26181 | N11: =M11/L11 | O11: =RANK(N11,$N$2:$N$37,0) | P11: =IF(N11>=Method!$B$5,"High coverage","Low coverage") | Q11: ("air pollution" OR "air quality") AND "Corcoran" | R11: 38380550 | S11: California, United States -State & Local | T11: 1283 | U11: 54 | V11: =U11/T11 | W11: =RANK(V11,$V$2:$V$37,0) | X11: =IF(V11>=Method!$B$6,"High coverage","Low coverage") | Y11: =O11-W11 | Z11: =H11&" / "&P11 | AA11: =H11&" / "&X11 | AB11: =IF(Z11=AA11,"No","Yes") | AD11: https://search.mediacloud.org/api/search/total-count?q="air pollution" OR "air quality"&start=2024-09-25&end=2026-09-25&cs=38380550&platform=onlinenews-mediacloud | AE11: https://search.mediacloud.org/api/search/total-count?q=%28%22air+pollution%22+OR+%22air+quality%22%29+AND+%22Corcoran%22&start=2024-09-25&end=2026-09-25&cs=38380550&platform=onlinenews-mediacloud
A12: 11 | B12: Visalia | C12: CA | D12: Visalia, CA | E12: 5 | F12: 5 | G12: =AVERAGE(E12:F12) | H12: =IF(G12<=Method!$B$4,"High pollution","Low pollution") | I12: "air pollution" OR "air quality" | J12: 38380550 | K12: California, United States -State & Local | L12: 1283 | M12: 26181 | N12: =M12/L12 | O12: =RANK(N12,$N$2:$N$37,0) | P12: =IF(N12>=Method!$B$5,"High coverage","Low coverage") | Q12: ("air pollution" OR "air quality") AND "Visalia" | R12: 38380550 | S12: California, United States -State & Local | T12: 1283 | U12: 63 | V12: =U12/T12 | W12: =RANK(V12,$V$2:$V$37,0) | X12: =IF(V12>=Method!$B$6,"High coverage","Low coverage") | Y12: =O12-W12 | Z12: =H12&" / "&P12 | AA12: =H12&" / "&X12 | AB12: =IF(Z12=AA12,"No","Yes") | AD12: https://search.mediacloud.org/api/search/total-count?q="air pollution" OR "air quality"&start=2024-09-25&end=2026-09-25&cs=38380550&platform=onlinenews-mediacloud | AE12: https://search.mediacloud.org/api/search/total-count?q=%28%22air+pollution%22+OR+%22air+quality%22%29+AND+%22Visalia%22&start=2024-09-25&end=2026-09-25&cs=38380550&platform=onlinenews-mediacloud
A13: 12 | B13: Fairbanks | C13: AK | D13: Fairbanks-College, AK | E13: 1 | F13: 9 | G13: =AVERAGE(E13:F13) | H13: =IF(G13<=Method!$B$4,"High pollution","Low pollution") | I13: "air pollution" OR "air quality" | J13: 38381315 | K13: Alaska, United States - State & Local | L13: 77 | M13: 562 | N13: =M13/L13 | O13: =RANK(N13,$N$2:$N$37,0) | P13: =IF(N13>=Method!$B$5,"High coverage","Low coverage") | Q13: ("air pollution" OR "air quality") AND "Fairbanks" | R13: 38381315 | S13: Alaska, United States - State & Local | T13: 77 | U13: 144 | V13: =U13/T13 | W13: =RANK(V13,$V$2:$V$37,0) | X13: =IF(V13>=Method!$B$6,"High coverage","Low coverage") | Y13: =O13-W13 | Z13: =H13&" / "&P13 | AA13: =H13&" / "&X13 | AB13: =IF(Z13=AA13,"No","Yes") | AD13: https://search.mediacloud.org/api/search/total-count?q="air pollution" OR "air quality"&start=2024-09-25&end=2026-09-25&cs=38381315&platform=onlinenews-mediacloud | AE13: https://search.mediacloud.org/api/search/total-count?q=%28%22air+pollution%22+OR+%22air+quality%22%29+AND+%22Fairbanks%22&start=2024-09-25&end=2026-09-25&cs=38381315&platform=onlinenews-mediacloud
A14: 13 | B14: College | C14: AK | D14: Fairbanks-College, AK | E14: 1 | F14: 9 | G14: =AVERAGE(E14:F14) | H14: =IF(G14<=Method!$B$4,"High pollution","Low pollution") | I14: "air pollution" OR "air quality" | J14: 38381315 | K14: Alaska, United States - State & Local | L14: 77 | M14: 562 | N14: =M14/L14 | O14: =RANK(N14,$N$2:$N$37,0) | P14: =IF(N14>=Method!$B$5,"High coverage","Low coverage") | Q14: ("air pollution" OR "air quality") AND "College" | R14: 38381315 | S14: Alaska, United States - State & Local | T14: 77 | U14: 18 | V14: =U14/T14 | W14: =RANK(V14,$V$2:$V$37,0) | X14: =IF(V14>=Method!$B$6,"High coverage","Low coverage") | Y14: =O14-W14 | Z14: =H14&" / "&P14 | AA14: =H14&" / "&X14 | AB14: =IF(Z14=AA14,"No","Yes") | AC14: Common word | AD14: https://search.mediacloud.org/api/search/total-count?q="air pollution" OR "air quality"&start=2024-09-25&end=2026-09-25&cs=38381315&platform=onlinenews-mediacloud | AE14: https://search.mediacloud.org/api/search/total-count?q=%28%22air+pollution%22+OR+%22air+quality%22%29+AND+%22College%22&start=2024-09-25&end=2026-09-25&cs=38381315&platform=onlinenews-mediacloud
A15: 14 | B15: Los Angeles | C15: CA | D15: Los Angeles-Long Beach, CA | E15: 7 | F15: 7 | G15: =AVERAGE(E15:F15) | H15: =IF(G15<=Method!$B$4,"High pollution","Low pollution") | I15: "air pollution" OR "air quality" | J15: 38380550 | K15: California, United States -State & Local | L15: 1283 | M15: 26181 | N15: =M15/L15 | O15: =RANK(N15,$N$2:$N$37,0) | P15: =IF(N15>=Method!$B$5,"High coverage","Low coverage") | Q15: ("air pollution" OR "air quality") AND "Los Angeles" | R15: 38380550 | S15: California, United States -State & Local | T15: 1283 | U15: 6442 | V15: =U15/T15 | W15: =RANK(V15,$V$2:$V$37,0) | X15: =IF(V15>=Method!$B$6,"High coverage","Low coverage") | Y15: =O15-W15 | Z15: =H15&" / "&P15 | AA15: =H15&" / "&X15 | AB15: =IF(Z15=AA15,"No","Yes") | AD15: https://search.mediacloud.org/api/search/total-count?q="air pollution" OR "air quality"&start=2024-09-25&end=2026-09-25&cs=38380550&platform=onlinenews-mediacloud | AE15: https://search.mediacloud.org/api/search/total-count?q=%28%22air+pollution%22+OR+%22air+quality%22%29+AND+%22Los+Angeles%22&start=2024-09-25&end=2026-09-25&cs=38380550&platform=onlinenews-mediacloud
A16: 15 | B16: Long Beach | C16: CA | D16: Los Angeles-Long Beach, CA | E16: 7 | F16: 7 | G16: =AVERAGE(E16:F16) | H16: =IF(G16<=Method!$B$4,"High pollution","Low pollution") | I16: "air pollution" OR "air quality" | J16: 38380550 | K16: California, United States -State & Local | L16: 1283 | M16: 26181 | N16: =M16/L16 | O16: =RANK(N16,$N$2:$N$37,0) | P16: =IF(N16>=Method!$B$5,"High coverage","Low coverage") | Q16: ("air pollution" OR "air quality") AND "Long Beach" | R16: 38380550 | S16: California, United States -State & Local | T16: 1283 | U16: 725 | V16: =U16/T16 | W16: =RANK(V16,$V$2:$V$37,0) | X16: =IF(V16>=Method!$B$6,"High coverage","Low coverage") | Y16: =O16-W16 | Z16: =H16&" / "&P16 | AA16: =H16&" / "&X16 | AB16: =IF(Z16=AA16,"No","Yes") | AD16: https://search.mediacloud.org/api/search/total-count?q="air pollution" OR "air quality"&start=2024-09-25&end=2026-09-25&cs=38380550&platform=onlinenews-mediacloud | AE16: https://search.mediacloud.org/api/search/total-count?q=%28%22air+pollution%22+OR+%22air+quality%22%29+AND+%22Long+Beach%22&start=2024-09-25&end=2026-09-25&cs=38380550&platform=onlinenews-mediacloud
A17: 16 | B17: Detroit | C17: MI | D17: Detroit-Warren-Ann Arbor, MI | E17: 11 | F17: 9 | G17: =AVERAGE(E17:F17) | H17: =IF(G17<=Method!$B$4,"High pollution","Low pollution") | I17: "air pollution" OR "air quality" | J17: 38381374 | K17: Michigan, United States - State & Local | L17: 203 | M17: 4672 | N17: =M17/L17 | O17: =RANK(N17,$N$2:$N$37,0) | P17: =IF(N17>=Method!$B$5,"High coverage","Low coverage") | Q17: ("air pollution" OR "air quality") AND "Detroit" | R17: 38381374 | S17: Michigan, United States - State & Local | T17: 203 | U17: 803 | V17: =U17/T17 | W17: =RANK(V17,$V$2:$V$37,0) | X17: =IF(V17>=Method!$B$6,"High coverage","Low coverage") | Y17: =O17-W17 | Z17: =H17&" / "&P17 | AA17: =H17&" / "&X17 | AB17: =IF(Z17=AA17,"No","Yes") | AD17: https://search.mediacloud.org/api/search/total-count?q="air pollution" OR "air quality"&start=2024-09-25&end=2026-09-25&cs=38381374&platform=onlinenews-mediacloud | AE17: https://search.mediacloud.org/api/search/total-count?q=%28%22air+pollution%22+OR+%22air+quality%22%29+AND+%22Detroit%22&start=2024-09-25&end=2026-09-25&cs=38381374&platform=onlinenews-mediacloud
A18: 17 | B18: Warren | C18: MI | D18: Detroit-Warren-Ann Arbor, MI | E18: 11 | F18: 9 | G18: =AVERAGE(E18:F18) | H18: =IF(G18<=Method!$B$4,"High pollution","Low pollution") | I18: "air pollution" OR "air quality" | J18: 38381374 | K18: Michigan, United States - State & Local | L18: 203 | M18: 4672 | N18: =M18/L18 | O18: =RANK(N18,$N$2:$N$37,0) | P18: =IF(N18>=Method!$B$5,"High coverage","Low coverage") | Q18: ("air pollution" OR "air quality") AND "Warren" | R18: 38381374 | S18: Michigan, United States - State & Local | T18: 203 | U18: 51 | V18: =U18/T18 | W18: =RANK(V18,$V$2:$V$37,0) | X18: =IF(V18>=Method!$B$6,"High coverage","Low coverage") | Y18: =O18-W18 | Z18: =H18&" / "&P18 | AA18: =H18&" / "&X18 | AB18: =IF(Z18=AA18,"No","Yes") | AC18: Also a surname (e.g., Elizabeth Warren) | AD18: https://search.mediacloud.org/api/search/total-count?q="air pollution" OR "air quality"&start=2024-09-25&end=2026-09-25&cs=38381374&platform=onlinenews-mediacloud | AE18: https://search.mediacloud.org/api/search/total-count?q=%28%22air+pollution%22+OR+%22air+quality%22%29+AND+%22Warren%22&start=2024-09-25&end=2026-09-25&cs=38381374&platform=onlinenews-mediacloud
A19: 18 | B19: Ann Arbor | C19: MI | D19: Detroit-Warren-Ann Arbor, MI | E19: 11 | F19: 9 | G19: =AVERAGE(E19:F19) | H19: =IF(G19<=Method!$B$4,"High pollution","Low pollution") | I19: "air pollution" OR "air quality" | J19: 38381374 | K19: Michigan, United States - State & Local | L19: 203 | M19: 4672 | N19: =M19/L19 | O19: =RANK(N19,$N$2:$N$37,0) | P19: =IF(N19>=Method!$B$5,"High coverage","Low coverage") | Q19: ("air pollution" OR "air quality") AND "Ann Arbor" | R19: 38381374 | S19: Michigan, United States - State & Local | T19: 203 | U19: 116 | V19: =U19/T19 | W19: =RANK(V19,$V$2:$V$37,0) | X19: =IF(V19>=Method!$B$6,"High coverage","Low coverage") | Y19: =O19-W19 | Z19: =H19&" / "&P19 | AA19: =H19&" / "&X19 | AB19: =IF(Z19=AA19,"No","Yes") | AD19: https://search.mediacloud.org/api/search/total-count?q="air pollution" OR "air quality"&start=2024-09-25&end=2026-09-25&cs=38381374&platform=onlinenews-mediacloud | AE19: https://search.mediacloud.org/api/search/total-count?q=%28%22air+pollution%22+OR+%22air+quality%22%29+AND+%22Ann+Arbor%22&start=2024-09-25&end=2026-09-25&cs=38381374&platform=onlinenews-mediacloud
A20: 19 | B20: Indianapolis | C20: IN | D20: Indianapolis-Carmel-Muncie, IN | E20: 14 | F20: 11 | G20: =AVERAGE(E20:F20) | H20: =IF(G20<=Method!$B$4,"High pollution","Low pollution") | I20: "air pollution" OR "air quality" | J20: 38381358 | K20: Indiana, United States - State & Local | L20: 167 | M20: 2150 | N20: =M20/L20 | O20: =RANK(N20,$N$2:$N$37,0) | P20: =IF(N20>=Method!$B$5,"High coverage","Low coverage") | Q20: ("air pollution" OR "air quality") AND "Indianapolis" | R20: 38381358 | S20: Indiana, United States - State & Local | T20: 167 | U20: 184 | V20: =U20/T20 | W20: =RANK(V20,$V$2:$V$37,0) | X20: =IF(V20>=Method!$B$6,"High coverage","Low coverage") | Y20: =O20-W20 | Z20: =H20&" / "&P20 | AA20: =H20&" / "&X20 | AB20: =IF(Z20=AA20,"No","Yes") | AD20: https://search.mediacloud.org/api/search/total-count?q="air pollution" OR "air quality"&start=2024-09-25&end=2026-09-25&cs=38381358&platform=onlinenews-mediacloud | AE20: https://search.mediacloud.org/api/search/total-count?q=%28%22air+pollution%22+OR+%22air+quality%22%29+AND+%22Indianapolis%22&start=2024-09-25&end=2026-09-25&cs=38381358&platform=onlinenews-mediacloud
A21: 20 | B21: Carmel | C21: IN | D21: Indianapolis-Carmel-Muncie, IN | E21: 14 | F21: 11 | G21: =AVERAGE(E21:F21) | H21: =IF(G21<=Method!$B$4,"High pollution","Low pollution") | I21: "air pollution" OR "air quality" | J21: 38381358 | K21: Indiana, United States - State & Local | L21: 167 | M21: 2150 | N21: =M21/L21 | O21: =RANK(N21,$N$2:$N$37,0) | P21: =IF(N21>=Method!$B$5,"High coverage","Low coverage") | Q21: ("air pollution" OR "air quality") AND "Carmel" | R21: 38381358 | S21: Indiana, United States - State & Local | T21: 167 | U21: 26 | V21: =U21/T21 | W21: =RANK(V21,$V$2:$V$37,0) | X21: =IF(V21>=Method!$B$6,"High coverage","Low coverage") | Y21: =O21-W21 | Z21: =H21&" / "&P21 | AA21: =H21&" / "&X21 | AB21: =IF(Z21=AA21,"No","Yes") | AC21: Also Carmel, CA | AD21: https://search.mediacloud.org/api/search/total-count?q="air pollution" OR "air quality"&start=2024-09-25&end=2026-09-25&cs=38381358&platform=onlinenews-mediacloud | AE21: https://search.mediacloud.org/api/search/total-count?q=%28%22air+pollution%22+OR+%22air+quality%22%29+AND+%22Carmel%22&start=2024-09-25&end=2026-09-25&cs=38381358&platform=onlinenews-mediacloud
A22: 21 | B22: Muncie | C22: IN | D22: Indianapolis-Carmel-Muncie, IN | E22: 14 | F22: 11 | G22: =AVERAGE(E22:F22) | H22: =IF(G22<=Method!$B$4,"High pollution","Low pollution") | I22: "air pollution" OR "air quality" | J22: 38381358 | K22: Indiana, United States - State & Local | L22: 167 | M22: 2150 | N22: =M22/L22 | O22: =RANK(N22,$N$2:$N$37,0) | P22: =IF(N22>=Method!$B$5,"High coverage","Low coverage") | Q22: ("air pollution" OR "air quality") AND "Muncie" | R22: 38381358 | S22: Indiana, United States - State & Local | T22: 167 | U22: 39 | V22: =U22/T22 | W22: =RANK(V22,$V$2:$V$37,0) | X22: =IF(V22>=Method!$B$6,"High coverage","Low coverage") | Y22: =O22-W22 | Z22: =H22&" / "&P22 | AA22: =H22&" / "&X22 | AB22: =IF(Z22=AA22,"No","Yes") | AD22: https://search.mediacloud.org/api/search/total-count?q="air pollution" OR "air quality"&start=2024-09-25&end=2026-09-25&cs=38381358&platform=onlinenews-mediacloud | AE22: https://search.mediacloud.org/api/search/total-count?q=%28%22air+pollution%22+OR+%22air+quality%22%29+AND+%22Muncie%22&start=2024-09-25&end=2026-09-25&cs=38381358&platform=onlinenews-mediacloud
A23: 22 | B23: Pittsburgh | C23: PA | D23: Pittsburgh-Weirton-Steubenville, PA-OH-WV | E23: 11 | F23: 16 | G23: =AVERAGE(E23:F23) | H23: =IF(G23<=Method!$B$4,"High pollution","Low pollution") | I23: "air pollution" OR "air quality" | J23: 38381340 | K23: Pennsylvania, United States - State & Local | L23: 249 | M23: 5046 | N23: =M23/L23 | O23: =RANK(N23,$N$2:$N$37,0) | P23: =IF(N23>=Method!$B$5,"High coverage","Low coverage") | Q23: ("air pollution" OR "air quality") AND "Pittsburgh" | R23: 38381340 | S23: Pennsylvania, United States - State & Local | T23: 249 | U23: 453 | V23: =U23/T23 | W23: =RANK(V23,$V$2:$V$37,0) | X23: =IF(V23>=Method!$B$6,"High coverage","Low coverage") | Y23: =O23-W23 | Z23: =H23&" / "&P23 | AA23: =H23&" / "&X23 | AB23: =IF(Z23=AA23,"No","Yes") | AD23: https://search.mediacloud.org/api/search/total-count?q="air pollution" OR "air quality"&start=2024-09-25&end=2026-09-25&cs=38381340&platform=onlinenews-mediacloud | AE23: https://search.mediacloud.org/api/search/total-count?q=%28%22air+pollution%22+OR+%22air+quality%22%29+AND+%22Pittsburgh%22&start=2024-09-25&end=2026-09-25&cs=38381340&platform=onlinenews-mediacloud
A24: 23 | B24: Weirton | C24: WV | D24: Pittsburgh-Weirton-Steubenville, PA-OH-WV | E24: 11 | F24: 16 | G24: =AVERAGE(E24:F24) | H24: =IF(G24<=Method!$B$4,"High pollution","Low pollution") | I24: "air pollution" OR "air quality" | J24: 38381408 | K24: West Virginia, United States - State & Local | L24: 81 | M24: 1754 | N24: =M24/L24 | O24: =RANK(N24,$N$2:$N$37,0) | P24: =IF(N24>=Method!$B$5,"High coverage","Low coverage") | Q24: ("air pollution" OR "air quality") AND "Weirton" | R24: 38381408 | S24: West Virginia, United States - State & Local | T24: 81 | U24: 7 | V24: =U24/T24 | W24: =RANK(V24,$V$2:$V$37,0) | X24: =IF(V24>=Method!$B$6,"High coverage","Low coverage") | Y24: =O24-W24 | Z24: =H24&" / "&P24 | AA24: =H24&" / "&X24 | AB24: =IF(Z24=AA24,"No","Yes") | AD24: https://search.mediacloud.org/api/search/total-count?q="air pollution" OR "air quality"&start=2024-09-25&end=2026-09-25&cs=38381408&platform=onlinenews-mediacloud | AE24: https://search.mediacloud.org/api/search/total-count?q=%28%22air+pollution%22+OR+%22air+quality%22%29+AND+%22Weirton%22&start=2024-09-25&end=2026-09-25&cs=38381408&platform=onlinenews-mediacloud
A25: 24 | B25: Steubenville | C25: OH | D25: Pittsburgh-Weirton-Steubenville, PA-OH-WV | E25: 11 | F25: 16 | G25: =AVERAGE(E25:F25) | H25: =IF(G25<=Method!$B$4,"High pollution","Low pollution") | I25: "air pollution" OR "air quality" | J25: 38381394 | K25: Ohio, United States - State & Local | L25: 256 | M25: 3010 | N25: =M25/L25 | O25: =RANK(N25,$N$2:$N$37,0) | P25: =IF(N25>=Method!$B$5,"High coverage","Low coverage") | Q25: ("air pollution" OR "air quality") AND "Steubenville" | R25: 38381394 | S25: Ohio, United States - State & Local | T25: 256 | U25: 5 | V25: =U25/T25 | W25: =RANK(V25,$V$2:$V$37,0) | X25: =IF(V25>=Method!$B$6,"High coverage","Low coverage") | Y25: =O25-W25 | Z25: =H25&" / "&P25 | AA25: =H25&" / "&X25 | AB25: =IF(Z25=AA25,"No","Yes") | AD25: https://search.mediacloud.org/api/search/total-count?q="air pollution" OR "air quality"&start=2024-09-25&end=2026-09-25&cs=38381394&platform=onlinenews-mediacloud | AE25: https://search.mediacloud.org/api/search/total-count?q=%28%22air+pollution%22+OR+%22air+quality%22%29+AND+%22Steubenville%22&start=2024-09-25&end=2026-09-25&cs=38381394&platform=onlinenews-mediacloud
A26: 25 | B26: McAllen | C26: TX | D26: McAllen-Edinburg, TX | E26: 10 | F26: 17 | G26: =AVERAGE(E26:F26) | H26: =IF(G26<=Method!$B$4,"High pollution","Low pollution") | I26: "air pollution" OR "air quality" | J26: 38381323 | K26: Texas, United States - State & Local | L26: 593 | M26: 6474 | N26: =M26/L26 | O26: =RANK(N26,$N$2:$N$37,0) | P26: =IF(N26>=Method!$B$5,"High coverage","Low coverage") | Q26: ("air pollution" OR "air quality") AND "McAllen" | R26: 38381323 | S26: Texas, United States - State & Local | T26: 593 | U26: 18 | V26: =U26/T26 | W26: =RANK(V26,$V$2:$V$37,0) | X26: =IF(V26>=Method!$B$6,"High coverage","Low coverage") | Y26: =O26-W26 | Z26: =H26&" / "&P26 | AA26: =H26&" / "&X26 | AB26: =IF(Z26=AA26,"No","Yes") | AD26: https://search.mediacloud.org/api/search/total-count?q="air pollution" OR "air quality"&start=2024-09-25&end=2026-09-25&cs=38381323&platform=onlinenews-mediacloud | AE26: https://search.mediacloud.org/api/search/total-count?q=%28%22air+pollution%22+OR+%22air+quality%22%29+AND+%22McAllen%22&start=2024-09-25&end=2026-09-25&cs=38381323&platform=onlinenews-mediacloud
A27: 26 | B27: Edinburg | C27: TX | D27: McAllen-Edinburg, TX | E27: 10 | F27: 17 | G27: =AVERAGE(E27:F27) | H27: =IF(G27<=Method!$B$4,"High pollution","Low pollution") | I27: "air pollution" OR "air quality" | J27: 38381323 | K27: Texas, United States - State & Local | L27: 593 | M27: 6474 | N27: =M27/L27 | O27: =RANK(N27,$N$2:$N$37,0) | P27: =IF(N27>=Method!$B$5,"High coverage","Low coverage") | Q27: ("air pollution" OR "air quality") AND "Edinburg" | R27: 38381323 | S27: Texas, United States - State & Local | T27: 593 | U27: 5 | V27: =U27/T27 | W27: =RANK(V27,$V$2:$V$37,0) | X27: =IF(V27>=Method!$B$6,"High coverage","Low coverage") | Y27: =O27-W27 | Z27: =H27&" / "&P27 | AA27: =H27&" / "&X27 | AB27: =IF(Z27=AA27,"No","Yes") | AD27: https://search.mediacloud.org/api/search/total-count?q="air pollution" OR "air quality"&start=2024-09-25&end=2026-09-25&cs=38381323&platform=onlinenews-mediacloud | AE27: https://search.mediacloud.org/api/search/total-count?q=%28%22air+pollution%22+OR+%22air+quality%22%29+AND+%22Edinburg%22&start=2024-09-25&end=2026-09-25&cs=38381323&platform=onlinenews-mediacloud
A28: 27 | B28: San Diego | C28: CA | D28: San Diego-Chula Vista-Carlsbad, CA | F28: 5 | G28: =AVERAGE(E28:F28) | H28: =IF(G28<=Method!$B$4,"High pollution","Low pollution") | I28: "air pollution" OR "air quality" | J28: 38380550 | K28: California, United States -State & Local | L28: 1283 | M28: 26181 | N28: =M28/L28 | O28: =RANK(N28,$N$2:$N$37,0) | P28: =IF(N28>=Method!$B$5,"High coverage","Low coverage") | Q28: ("air pollution" OR "air quality") AND "San Diego" | R28: 38380550 | S28: California, United States -State & Local | T28: 1283 | U28: 1920 | V28: =U28/T28 | W28: =RANK(V28,$V$2:$V$37,0) | X28: =IF(V28>=Method!$B$6,"High coverage","Low coverage") | Y28: =O28-W28 | Z28: =H28&" / "&P28 | AA28: =H28&" / "&X28 | AB28: =IF(Z28=AA28,"No","Yes") | AD28: https://search.mediacloud.org/api/search/total-count?q="air pollution" OR "air quality"&start=2024-09-25&end=2026-09-25&cs=38380550&platform=onlinenews-mediacloud | AE28: https://search.mediacloud.org/api/search/total-count?q=%28%22air+pollution%22+OR+%22air+quality%22%29+AND+%22San+Diego%22&start=2024-09-25&end=2026-09-25&cs=38380550&platform=onlinenews-mediacloud
A29: 28 | B29: Chula Vista | C29: CA | D29: San Diego-Chula Vista-Carlsbad, CA | F29: 5 | G29: =AVERAGE(E29:F29) | H29: =IF(G29<=Method!$B$4,"High pollution","Low pollution") | I29: "air pollution" OR "air quality" | J29: 38380550 | K29: California, United States -State & Local | L29: 1283 | M29: 26181 | N29: =M29/L29 | O29: =RANK(N29,$N$2:$N$37,0) | P29: =IF(N29>=Method!$B$5,"High coverage","Low coverage") | Q29: ("air pollution" OR "air quality") AND "Chula Vista" | R29: 38380550 | S29: California, United States -State & Local | T29: 1283 | U29: 183 | V29: =U29/T29 | W29: =RANK(V29,$V$2:$V$37,0) | X29: =IF(V29>=Method!$B$6,"High coverage","Low coverage") | Y29: =O29-W29 | Z29: =H29&" / "&P29 | AA29: =H29&" / "&X29 | AB29: =IF(Z29=AA29,"No","Yes") | AD29: https://search.mediacloud.org/api/search/total-count?q="air pollution" OR "air quality"&start=2024-09-25&end=2026-09-25&cs=38380550&platform=onlinenews-mediacloud | AE29: https://search.mediacloud.org/api/search/total-count?q=%28%22air+pollution%22+OR+%22air+quality%22%29+AND+%22Chula+Vista%22&start=2024-09-25&end=2026-09-25&cs=38380550&platform=onlinenews-mediacloud
A30: 29 | B30: Carlsbad | C30: CA | D30: San Diego-Chula Vista-Carlsbad, CA | F30: 5 | G30: =AVERAGE(E30:F30) | H30: =IF(G30<=Method!$B$4,"High pollution","Low pollution") | I30: "air pollution" OR "air quality" | J30: 38380550 | K30: California, United States -State & Local | L30: 1283 | M30: 26181 | N30: =M30/L30 | O30: =RANK(N30,$N$2:$N$37,0) | P30: =IF(N30>=Method!$B$5,"High coverage","Low coverage") | Q30: ("air pollution" OR "air quality") AND "Carlsbad" | R30: 38380550 | S30: California, United States -State & Local | T30: 1283 | U30: 107 | V30: =U30/T30 | W30: =RANK(V30,$V$2:$V$37,0) | X30: =IF(V30>=Method!$B$6,"High coverage","Low coverage") | Y30: =O30-W30 | Z30: =H30&" / "&P30 | AA30: =H30&" / "&X30 | AB30: =IF(Z30=AA30,"No","Yes") | AD30: https://search.mediacloud.org/api/search/total-count?q="air pollution" OR "air quality"&start=2024-09-25&end=2026-09-25&cs=38380550&platform=onlinenews-mediacloud | AE30: https://search.mediacloud.org/api/search/total-count?q=%28%22air+pollution%22+OR+%22air+quality%22%29+AND+%22Carlsbad%22&start=2024-09-25&end=2026-09-25&cs=38380550&platform=onlinenews-mediacloud
A31: 30 | B31: Phoenix | C31: AZ | D31: Phoenix-Mesa, AZ | E31: 17 | F31: 15 | G31: =AVERAGE(E31:F31) | H31: =IF(G31<=Method!$B$4,"High pollution","Low pollution") | I31: "air pollution" OR "air quality" | J31: 38381317 | K31: Arizona, United States - State & Local | L31: 139 | M31: 1211 | N31: =M31/L31 | O31: =RANK(N31,$N$2:$N$37,0) | P31: =IF(N31>=Method!$B$5,"High coverage","Low coverage") | Q31: ("air pollution" OR "air quality") AND "Phoenix" | R31: 38381317 | S31: Arizona, United States - State & Local | T31: 139 | U31: 438 | V31: =U31/T31 | W31: =RANK(V31,$V$2:$V$37,0) | X31: =IF(V31>=Method!$B$6,"High coverage","Low coverage") | Y31: =O31-W31 | Z31: =H31&" / "&P31 | AA31: =H31&" / "&X31 | AB31: =IF(Z31=AA31,"No","Yes") | AD31: https://search.mediacloud.org/api/search/total-count?q="air pollution" OR "air quality"&start=2024-09-25&end=2026-09-25&cs=38381317&platform=onlinenews-mediacloud | AE31: https://search.mediacloud.org/api/search/total-count?q=%28%22air+pollution%22+OR+%22air+quality%22%29+AND+%22Phoenix%22&start=2024-09-25&end=2026-09-25&cs=38381317&platform=onlinenews-mediacloud
A32: 31 | B32: Mesa | C32: AZ | D32: Phoenix-Mesa, AZ | E32: 17 | F32: 15 | G32: =AVERAGE(E32:F32) | H32: =IF(G32<=Method!$B$4,"High pollution","Low pollution") | I32: "air pollution" OR "air quality" | J32: 38381317 | K32: Arizona, United States - State & Local | L32: 139 | M32: 1211 | N32: =M32/L32 | O32: =RANK(N32,$N$2:$N$37,0) | P32: =IF(N32>=Method!$B$5,"High coverage","Low coverage") | Q32: ("air pollution" OR "air quality") AND "Mesa" | R32: 38381317 | S32: Arizona, United States - State & Local | T32: 139 | U32: 74 | V32: =U32/T32 | W32: =RANK(V32,$V$2:$V$37,0) | X32: =IF(V32>=Method!$B$6,"High coverage","Low coverage") | Y32: =O32-W32 | Z32: =H32&" / "&P32 | AA32: =H32&" / "&X32 | AB32: =IF(Z32=AA32,"No","Yes") | AC32: Also a common word / other places | AD32: https://search.mediacloud.org/api/search/total-count?q="air pollution" OR "air quality"&start=2024-09-25&end=2026-09-25&cs=38381317&platform=onlinenews-mediacloud | AE32: https://search.mediacloud.org/api/search/total-count?q=%28%22air+pollution%22+OR+%22air+quality%22%29+AND+%22Mesa%22&start=2024-09-25&end=2026-09-25&cs=38381317&platform=onlinenews-mediacloud
A33: 32 | B33: San Jose | C33: CA | D33: San Jose-San Francisco-Oakland, CA | E33: 20 | F33: 13 | G33: =AVERAGE(E33:F33) | H33: =IF(G33<=Method!$B$4,"High pollution","Low pollution") | I33: "air pollution" OR "air quality" | J33: 38380550 | K33: California, United States -State & Local | L33: 1283 | M33: 26181 | N33: =M33/L33 | O33: =RANK(N33,$N$2:$N$37,0) | P33: =IF(N33>=Method!$B$5,"High coverage","Low coverage") | Q33: ("air pollution" OR "air quality") AND "San Jose" | R33: 38380550 | S33: California, United States -State & Local | T33: 1283 | U33: 803 | V33: =U33/T33 | W33: =RANK(V33,$V$2:$V$37,0) | X33: =IF(V33>=Method!$B$6,"High coverage","Low coverage") | Y33: =O33-W33 | Z33: =H33&" / "&P33 | AA33: =H33&" / "&X33 | AB33: =IF(Z33=AA33,"No","Yes") | AD33: https://search.mediacloud.org/api/search/total-count?q="air pollution" OR "air quality"&start=2024-09-25&end=2026-09-25&cs=38380550&platform=onlinenews-mediacloud | AE33: https://search.mediacloud.org/api/search/total-count?q=%28%22air+pollution%22+OR+%22air+quality%22%29+AND+%22San+Jose%22&start=2024-09-25&end=2026-09-25&cs=38380550&platform=onlinenews-mediacloud
A34: 33 | B34: San Francisco | C34: CA | D34: San Jose-San Francisco-Oakland, CA | E34: 20 | F34: 13 | G34: =AVERAGE(E34:F34) | H34: =IF(G34<=Method!$B$4,"High pollution","Low pollution") | I34: "air pollution" OR "air quality" | J34: 38380550 | K34: California, United States -State & Local | L34: 1283 | M34: 26181 | N34: =M34/L34 | O34: =RANK(N34,$N$2:$N$37,0) | P34: =IF(N34>=Method!$B$5,"High coverage","Low coverage") | Q34: ("air pollution" OR "air quality") AND "San Francisco" | R34: 38380550 | S34: California, United States -State & Local | T34: 1283 | U34: 2422 | V34: =U34/T34 | W34: =RANK(V34,$V$2:$V$37,0) | X34: =IF(V34>=Method!$B$6,"High coverage","Low coverage") | Y34: =O34-W34 | Z34: =H34&" / "&P34 | AA34: =H34&" / "&X34 | AB34: =IF(Z34=AA34,"No","Yes") | AD34: https://search.mediacloud.org/api/search/total-count?q="air pollution" OR "air quality"&start=2024-09-25&end=2026-09-25&cs=38380550&platform=onlinenews-mediacloud | AE34: https://search.mediacloud.org/api/search/total-count?q=%28%22air+pollution%22+OR+%22air+quality%22%29+AND+%22San+Francisco%22&start=2024-09-25&end=2026-09-25&cs=38380550&platform=onlinenews-mediacloud
A35: 34 | B35: Oakland | C35: CA | D35: San Jose-San Francisco-Oakland, CA | E35: 20 | F35: 13 | G35: =AVERAGE(E35:F35) | H35: =IF(G35<=Method!$B$4,"High pollution","Low pollution") | I35: "air pollution" OR "air quality" | J35: 38380550 | K35: California, United States -State & Local | L35: 1283 | M35: 26181 | N35: =M35/L35 | O35: =RANK(N35,$N$2:$N$37,0) | P35: =IF(N35>=Method!$B$5,"High coverage","Low coverage") | Q35: ("air pollution" OR "air quality") AND "Oakland" | R35: 38380550 | S35: California, United States -State & Local | T35: 1283 | U35: 1090 | V35: =U35/T35 | W35: =RANK(V35,$V$2:$V$37,0) | X35: =IF(V35>=Method!$B$6,"High coverage","Low coverage") | Y35: =O35-W35 | Z35: =H35&" / "&P35 | AA35: =H35&" / "&X35 | AB35: =IF(Z35=AA35,"No","Yes") | AD35: https://search.mediacloud.org/api/search/total-count?q="air pollution" OR "air quality"&start=2024-09-25&end=2026-09-25&cs=38380550&platform=onlinenews-mediacloud | AE35: https://search.mediacloud.org/api/search/total-count?q=%28%22air+pollution%22+OR+%22air+quality%22%29+AND+%22Oakland%22&start=2024-09-25&end=2026-09-25&cs=38380550&platform=onlinenews-mediacloud
A36: 35 | B36: Houston | C36: TX | D36: Houston-Pasadena, TX | F36: 8 | G36: =AVERAGE(E36:F36) | H36: =IF(G36<=Method!$B$4,"High pollution","Low pollution") | I36: "air pollution" OR "air quality" | J36: 38381323 | K36: Texas, United States - State & Local | L36: 593 | M36: 6474 | N36: =M36/L36 | O36: =RANK(N36,$N$2:$N$37,0) | P36: =IF(N36>=Method!$B$5,"High coverage","Low coverage") | Q36: ("air pollution" OR "air quality") AND "Houston" | R36: 38381323 | S36: Texas, United States - State & Local | T36: 593 | U36: 624 | V36: =U36/T36 | W36: =RANK(V36,$V$2:$V$37,0) | X36: =IF(V36>=Method!$B$6,"High coverage","Low coverage") | Y36: =O36-W36 | Z36: =H36&" / "&P36 | AA36: =H36&" / "&X36 | AB36: =IF(Z36=AA36,"No","Yes") | AD36: https://search.mediacloud.org/api/search/total-count?q="air pollution" OR "air quality"&start=2024-09-25&end=2026-09-25&cs=38381323&platform=onlinenews-mediacloud | AE36: https://search.mediacloud.org/api/search/total-count?q=%28%22air+pollution%22+OR+%22air+quality%22%29+AND+%22Houston%22&start=2024-09-25&end=2026-09-25&cs=38381323&platform=onlinenews-mediacloud
A37: 36 | B37: Pasadena | C37: TX | D37: Houston-Pasadena, TX | F37: 8 | G37: =AVERAGE(E37:F37) | H37: =IF(G37<=Method!$B$4,"High pollution","Low pollution") | I37: "air pollution" OR "air quality" | J37: 38381323 | K37: Texas, United States - State & Local | L37: 593 | M37: 6474 | N37: =M37/L37 | O37: =RANK(N37,$N$2:$N$37,0) | P37: =IF(N37>=Method!$B$5,"High coverage","Low coverage") | Q37: ("air pollution" OR "air quality") AND "Pasadena" | R37: 38381323 | S37: Texas, United States - State & Local | T37: 593 | U37: 81 | V37: =U37/T37 | W37: =RANK(V37,$V$2:$V$37,0) | X37: =IF(V37>=Method!$B$6,"High coverage","Low coverage") | Y37: =O37-W37 | Z37: =H37&" / "&P37 | AA37: =H37&" / "&X37 | AB37: =IF(Z37=AA37,"No","Yes") | AC37: Also a city in CA | AD37: https://search.mediacloud.org/api/search/total-count?q="air pollution" OR "air quality"&start=2024-09-25&end=2026-09-25&cs=38381323&platform=onlinenews-mediacloud | AE37: https://search.mediacloud.org/api/search/total-count?q=%28%22air+pollution%22+OR+%22air+quality%22%29+AND+%22Pasadena%22&start=2024-09-25&end=2026-09-25&cs=38381323&platform=onlinenews-mediacloud

Sheet Method
A1: Method & thresholds
A3: Threshold | B3: Value | C3: Definition
A4: Pollution threshold | B4: =MEDIAN(Comparison!G2:G37) | C4: Median pollution_score across all 36 city rows. pollution_score = average of ALA short-term and year-round PM2.5 ranks (lower = worse air). High pollution = score ≤ threshold.
A5: State coverage threshold | B5: =MEDIAN(States!H2:H11) | C5: Median state_index across the 10 state collections. High coverage = state_index ≥ threshold.
A6: City coverage threshold | B6: =MEDIAN(Comparison!V2:V37) | C6: Median city_index across the 36 city queries. High coverage = city_index ≥ threshold.
A8: Notes
A9: State-level data: copied from the user-supplied file news_coverage_by_state_cross_pm.numbers (query "air pollution" OR "air quality" in each state collection).
A10: City-level data: Media Cloud API, query ("air pollution" OR "air quality") AND "[city]" in the city's own state collection, 2024-09-25 to 2026-09-25, platform onlinenews-mediacloud.
A11: Pittsburgh-Weirton-Steubenville: Pittsburgh searched in Pennsylvania, Weirton in West Virginia, Steubenville in Ohio; each row uses that state's state-level data.
A12: San Diego-Chula Vista-Carlsbad and Houston-Pasadena have no ALA short-term rank; their pollution_score uses the year-round rank only.
A13: Ranks: 1 = highest index. Ties share a rank (state-level ranks tie for every city in the same state). rank_change > 0 means the city ranks higher on city-level mentions than on state-level mentions.
A14: Ambiguous city names (see city_ambiguity_note) may inflate city-level counts.
A15: Column colors: blue = identity, orange = ALA rankings, green = state-level coverage, yellow = city-level coverage, purple = comparison, grey = reference.

Sheet States
A1: state_abbr | B1: State | C1: query_mediacloud | D1: collection_id_cs | E1: collection_name | F1: total_sources_in_collection | G1: total_stories | H1: index_stories_sources
A2: CA | B2: California | C2: "air pollution" OR "air quality" | D2: 38380550 | E2: California, United States -State & Local | F2: 1283 | G2: 26181 | H2: =G2/F2
A3: OR | B3: Oregon | C3: "air pollution" OR "air quality" | D3: 38381398 | E3: Oregon, United States - State & Local | F3: 145 | G3: 1845 | H3: =G3/F3
A4: TX | B4: Texas | C4: "air pollution" OR "air quality" | D4: 38381323 | E4: Texas, United States - State & Local | F4: 593 | G4: 6474 | H4: =G4/F4
A5: AK | B5: Alaska | C5: "air pollution" OR "air quality" | D5: 38381315 | E5: Alaska, United States - State & Local | F5: 77 | G5: 562 | H5: =G5/F5
A6: MI | B6: Michigan | C6: "air pollution" OR "air quality" | D6: 38381374 | E6: Michigan, United States - State & Local | F6: 203 | G6: 4672 | H6: =G6/F6
A7: IN | B7: Indiana | C7: "air pollution" OR "air quality" | D7: 38381358 | E7: Indiana, United States - State & Local | F7: 167 | G7: 2150 | H7: =G7/F7
A8: PA | B8: Pennsylvania | C8: "air pollution" OR "air quality" | D8: 38381340 | E8: Pennsylvania, United States - State & Local | F8: 249 | G8: 5046 | H8: =G8/F8
A9: OH | B9: Ohio | C9: "air pollution" OR "air quality" | D9: 38381394 | E9: Ohio, United States - State & Local | F9: 256 | G9: 3010 | H9: =G9/F9
A10: WV | B10: West Virginia | C10: "air pollution" OR "air quality" | D10: 38381408 | E10: West Virginia, United States - State & Local | F10: 81 | G10: 1754 | H10: =G10/F10
A11: AZ | B11: Arizona | C11: "air pollution" OR "air quality" | D11: 38381317 | E11: Arizona, United States - State & Local | F11: 139 | G11: 1211 | H11: =G11/F11
